,ano,distrito,concelho,energia_ativa_kwh,cpes,kwh_por_cpe
0,2022,Aveiro,Albergaria-a-Velha,50608190.0,14082,3593.8211901718505
1,2022,Aveiro,Anadia,57570666.0,17134,3360.0248628458035
2,2022,Aveiro,Arouca,41872995.0,12546,3337.557388809182
3,2022,Aveiro,Aveiro,179395482.734,50830,3529.322894629156
4,2022,Aveiro,Castelo de Paiva,26492718.0,7946,3334.094890510949
5,2022,Aveiro,Espinho,62180220.6,18476,3365.4590062784155
6,2022,Aveiro,Estarreja,49884519.0,14304,3487.4523909395975
7,2022,Aveiro,Mealhada,35622267.0,11422,3118.741638942392
8,2022,Aveiro,Murtosa,22175040.0,8526,2600.8726249120336
9,2022,Aveiro,Oliveira de Azeméis,119666812.596,32962,3630.447563740064
10,2022,Aveiro,Oliveira do Bairro,47035235.0,13539,3474.055321663343
11,2022,Aveiro,Ovar,110189256.0,32031,3440.0816708813336
12,2022,Aveiro,Santa Maria da Feira,253117705.29,71484,3540.9001355548094
13,2022,Aveiro,Sever do Vouga,23661555.0,7612,3108.4544140830267
14,2022,Aveiro,São João da Madeira,56338854.0,13407,4202.196912060864
15,2022,Aveiro,Vagos,44825651.266,15431,2904.9090315598473
16,2022,Aveiro,Vale de Cambra,42376464.0,13304,3185.2423331328923
17,2022,Aveiro,Águeda,84751813.0,24389,3475.001558079462
18,2022,Aveiro,Ílhavo,69153800.0,25080,2757.3285486443383
19,2022,Beja,Aljustrel,21041634.0,5975,3521.6123849372384
20,2022,Beja,Almodôvar,15446665.0,5643,2737.314371788056
21,2022,Beja,Alvito,5633743.0,1676,3361.4218377088305
22,2022,Beja,Barrancos,3034860.0,1231,2465.36149471974
23,2022,Beja,Beja,83114675.0,22764,3651.1454489544894
24,2022,Beja,Castro Verde,15805945.0,4954,3190.541986273718
25,2022,Beja,Cuba,11017592.0,3103,3550.625845955527
26,2022,Beja,Ferreira do Alentejo,19717429.0,5219,3778.00900555662
27,2022,Beja,Moura,32602706.994,10289,3168.6954022742734
28,2022,Beja,Mértola,15854334.0,7962,1991.2501883948757
29,2022,Beja,Odemira,68695724.0,20164,3406.850029756001
30,2022,Beja,Ourique,12148990.0,4124,2945.9238603297767
31,2022,Beja,Serpa,34805020.408,10570,3292.8117699148534
32,2022,Beja,Vidigueira,13374413.0,3959,3378.230108613286
33,2022,Braga,Amares,34133506.652,11230,3039.4930233303653
34,2022,Braga,Barcelos,240503105.032,55933,4299.8427588722225
35,2022,Braga,Braga,393901343.36800003,105137,3746.55300577342
36,2022,Braga,Cabeceiras de Basto,29726309.0,10582,2809.1390096390096
37,2022,Braga,Celorico de Basto,30106850.02,10990,2739.4767989080983
38,2022,Braga,Esposende,81903777.0,25725,3183.8202915451893
39,2022,Braga,Fafe,93202443.212,28740,3242.952095059151
40,2022,Braga,Guimarães,303275660.218,77841,3896.091522693696
41,2022,Braga,Póvoa de Lanhoso,39970054.0,13580,2943.3029455081
42,2022,Braga,Terras de Bouro,14990234.0,5219,2872.242575205978
43,2022,Braga,Vieira do Minho,22520406.0,8529,2640.450932113964
44,2022,Braga,Vila Nova de Famalicão,220578195.0,55333,3986.3769360056385
45,2022,Braga,Vila Verde,90271855.0,26968,3347.36928952833
46,2022,Braga,Vizela,43262855.0,11065,3909.8829643018526
47,2022,Bragança,Alfândega da Fé,10164542.0,4149,2449.877560858038
48,2022,Bragança,Bragança,86386291.02,29780,2900.8156823371387
49,2022,Bragança,Carrazeda de Ansiães,13457249.0,5562,2419.498202085581
50,2022,Bragança,Freixo de Espada À Cinta,8526272.0,3522,2420.8608745031233
51,2022,Bragança,Macedo de Cavaleiros,32690480.0,12505,2614.1927229108355
52,2022,Bragança,Miranda do douro,19099003.0,6516,2931.0931553100063
53,2022,Bragança,Mirandela,52094564.542,17215,3026.114698925356
54,2022,Bragança,Mogadouro,21750407.0,8255,2634.8161114476075
55,2022,Bragança,Torre de Moncorvo,16306717.0,7204,2263.5642698500833
56,2022,Bragança,Vila Flor,14805055.0,5673,2609.7399964745287
57,2022,Bragança,Vimioso,9857557.0,4939,1995.860903016805
58,2022,Bragança,Vinhais,16537075.0,7934,2084.330098311066
59,2022,Castelo Branco,Belmonte,13790810.0,5108,2699.84534064213
60,2022,Castelo Branco,Castelo Branco,128860199.0,43491,2962.9164424823525
61,2022,Castelo Branco,Covilhã,111411780.0,35749,3116.500601415424
62,2022,Castelo Branco,Fundão,64560035.0,24008,2689.10508997001
63,2022,Castelo Branco,Idanha-a-Nova,25412524.0,10717,2371.234860502006
64,2022,Castelo Branco,Oleiros,10524757.0,5629,1869.7383194173033
65,2022,Castelo Branco,Penamacor,11692964.0,6381,1832.465757718226
66,2022,Castelo Branco,Proença-a-Nova,17296865.0,7391,2340.2604519009606
67,2022,Castelo Branco,Sertã,33547120.0,13634,2460.5486284289277
68,2022,Castelo Branco,Vila Velha de Ródão,8763131.0,3521,2488.818801476853
69,2022,Castelo Branco,Vila de Rei,7771256.0,3296,2357.7839805825242
70,2022,Coimbra,Arganil,26086454.0,11059,2358.843837598336
71,2022,Coimbra,Cantanhede,70447660.754,24063,2927.634158417487
72,2022,Coimbra,Coimbra,326257538.01199996,93778,3479.0413317835737
73,2022,Coimbra,Condeixa-a-Nova,26714637.0,9255,2886.5085899513774
74,2022,Coimbra,Figueira da Foz,125253217.612,49508,2529.959150278743
75,2022,Coimbra,Góis,10057421.0,4971,2023.218869442768
76,2022,Coimbra,Lousã,33401597.0,11565,2888.1623000432337
77,2022,Coimbra,Mira,28484067.0,9881,2882.7109604291063
78,2022,Coimbra,Miranda do Corvo,21781893.0,7725,2819.6625242718446
79,2022,Coimbra,Montemor-o-Velho,47712174.0,14171,3366.8882929927317
80,2022,Coimbra,Oliveira do Hospital,40019729.0,14651,2731.5356630946694
81,2022,Coimbra,Pampilhosa da Serra,9464554.0,5321,1778.7171584288667
82,2022,Coimbra,Penacova,23186922.0,8710,2662.10355912744
83,2022,Coimbra,Penela,11316685.0,4032,2806.7175099206347
84,2022,Coimbra,Soure,33450826.0,11733,2851.0036648768432
85,2022,Coimbra,Tábua,23771731.0,9279,2561.88500916047
86,2022,Coimbra,Vila Nova de Poiares,13963444.0,4918,2839.252541683611
87,2022,Faro,Albufeira,237360903.736,53187,4462.761647319834
88,2022,Faro,Alcoutim,7369409.0,3695,1994.4273342354534
89,2022,Faro,Aljezur,22361754.0,6452,3465.86391816491
90,2022,Faro,Castro Marim,25788745.516,9246,2789.17861951114
91,2022,Faro,Faro,183518474.024,45463,4036.655610584431
92,2022,Faro,Lagoa,105869957.464,24110,4391.122250684363
93,2022,Faro,Lagos,129512013.0,34268,3779.386395470993
94,2022,Faro,Loulé,369372488.37,76710,4815.180398513883
95,2022,Faro,Monchique,13941877.466,4540,3070.898120264317
96,2022,Faro,Olhão,96096591.546,30132,3189.187294105934
97,2022,Faro,Portimão,180989048.0,56248,3217.697482577158
98,2022,Faro,Silves,131509339.098,36129,3639.993885742755
99,2022,Faro,São Brás de Alportel,29454969.400000002,7819,3767.101854457092
100,2022,Faro,Tavira,92071276.64,29351,3136.9042499403768
101,2022,Faro,Vila Real de Santo António,61181971.25,23861,2564.099210007963
102,2022,Faro,Vila do Bispo,28844815.0,6786,4250.635867963454
103,2022,Guarda,Aguiar da Beira,12888223.0,4892,2634.550899427637
104,2022,Guarda,Almeida,15562415.0,6955,2237.586628324946
105,2022,Guarda,Celorico da Beira,13820633.0,6239,2215.2000320564193
106,2022,Guarda,Figueira de Castelo Rodrigo,13136234.0,5358,2451.7047405748413
107,2022,Guarda,Fornos de Algodres,9683406.0,4094,2365.2677088422083
108,2022,Guarda,Gouveia,24350371.0,10844,2245.515584655109
109,2022,Guarda,Guarda,84124317.0,30449,2762.794081907452
110,2022,Guarda,Manteigas,8587119.0,2742,3131.699124726477
111,2022,Guarda,Mêda,10328859.0,5038,2050.1903533148075
112,2022,Guarda,Pinhel,17808290.0,8276,2151.7991783470275
113,2022,Guarda,Sabugal,25558847.0,14809,1725.8995880883247
114,2022,Guarda,Seia,42891679.0,18086,2371.5403627114897
115,2022,Guarda,Trancoso,20332497.0,8126,2502.15321191238
116,2022,Guarda,Vila Nova de Foz Côa,16451966.638,6685,2461.0271709798058
117,2022,Leiria,Alcobaça,135464897.282,38664,3503.6441465445896
118,2022,Leiria,Alvaiázere,14808318.0,5884,2516.7093813732154
119,2022,Leiria,Ansião,22886857.0,8987,2546.6626237899186
120,2022,Leiria,Batalha,35721774.3,9709,3679.24341332784
121,2022,Leiria,Bombarral,29115372.0,8779,3316.4793256635153
122,2022,Leiria,Caldas da Rainha,120189732.296,36740,3271.3590717474144
123,2022,Leiria,Castanheira de Pêra,6212143.0,2633,2359.3402962400305
124,2022,Leiria,Figueiró dos Vinhos,11918411.0,5213,2286.28639938615
125,2022,Leiria,Leiria,301417648.044,81970,3677.1702823472006
126,2022,Leiria,Marinha Grande,83537356.704,24709,3380.847331093933
127,2022,Leiria,Nazaré,40926945.0,15167,2698.4205841629855
128,2022,Leiria,Pedrógão Grande,8041253.0,3810,2110.565091863517
129,2022,Leiria,Peniche,65263899.292,23365,2793.233438561952
130,2022,Leiria,Pombal,111737160.536,36930,3025.647455618738
131,2022,Leiria,Porto de Mós,49130308.534,14275,3441.702874535902
132,2022,Leiria,Óbidos,41789094.888,10355,4035.644122452921
133,2022,Lisboa,Alenquer,79288442.0,24548,3229.934903047091
134,2022,Lisboa,Amadora,258524373.89,98244,2631.4520366638167
135,2022,Lisboa,Arruda dos Vinhos,28963807.0,7615,3803.52028890348
136,2022,Lisboa,Azambuja,43302262.2,12209,3546.749299696945
137,2022,Lisboa,Cadaval,30828793.778,9580,3218.036928810021
138,2022,Lisboa,Cascais,500659258.75,127212,3935.629176099739
139,2022,Lisboa,Lisboa,1597844823.036,391403,4082.3520081246184
140,2022,Lisboa,Loures,355857673.162,109513,3249.4559838740606
141,2022,Lisboa,Lourinhã,62252211.132,18757,3318.878878925201
142,2022,Lisboa,Mafra,190864374.712,49817,3831.310089166349
143,2022,Lisboa,Odivelas,229327071.45,81412,2816.870626566108
144,2022,Lisboa,Oeiras,360217298.556,102575,3511.7455379575918
145,2022,Lisboa,Sintra,654401609.424,214217,3054.853767086646
146,2022,Lisboa,Sobral de Monte Agraço,20986612.0,5858,3582.5558210993513
147,2022,Lisboa,Torres Vedras,174241377.612,51418,3388.723357812439
148,2022,Lisboa,Vila Franca de Xira,222765037.428,77547,2872.6454592440714
149,2022,Portalegre,Alter do Chão,8127814.0,2863,2838.9151239958087
150,2022,Portalegre,Arronches,9771616.0,2287,4272.678618277219
151,2022,Portalegre,Avis,12462254.0,3104,4014.901417525773
152,2022,Portalegre,Campo Maior,22336204.0,5274,4235.154342055366
153,2022,Portalegre,Castelo de Vide,9014670.0,2933,3073.5322195704057
154,2022,Portalegre,Crato,9098893.0,3141,2896.8140719516077
155,2022,Portalegre,Elvas,52178627.0,13239,3941.2815922652767
156,2022,Portalegre,Fronteira,8714461.0,2522,3455.3770816812053
157,2022,Portalegre,Gavião,8399155.0,3507,2394.968634160251
158,2022,Portalegre,Marvão,8949734.0,2812,3182.693456614509
159,2022,Portalegre,Monforte,8178360.0,2207,3705.6456728590847
160,2022,Portalegre,Nisa,14979548.0,6826,2194.4840316437153
161,2022,Portalegre,Ponte de Sor,35790642.482,10839,3302.024400959498
162,2022,Portalegre,Portalegre,49286650.198,15583,3162.847346338959
163,2022,Portalegre,Sousel,14136892.0,3528,4007.0555555555557
164,2022,Porto,Amarante,97134470.52,31504,3083.2424619095987
165,2022,Porto,Baião,31222969.0,11876,2629.0812563152576
166,2022,Porto,Felgueiras,110729003.0,27681,4000.1807376901124
167,2022,Porto,Gondomar,287315603.882,82942,3464.0544462636544
168,2022,Porto,Lousada,87297633.58,22256,3922.43141534867
169,2022,Porto,Maia,292274177.738,70393,4152.034687227423
170,2022,Porto,Marco de Canaveses,100615056.714,26602,3782.236550409744
171,2022,Porto,Matosinhos,379733190.75,96434,3937.752149138271
172,2022,Porto,Paredes,132824487.0,32503,4086.530074147002
173,2022,Porto,Paços de Ferreira,115143180.25,25754,4470.885309078201
174,2022,Porto,Penafiel,136994989.258,35142,3898.3264827841326
175,2022,Porto,Porto,764543392.26,172804,4424.338512187218
176,2022,Porto,Póvoa de Varzim,143241579.0,44547,3215.515724964644
177,2022,Porto,Santo Tirso,113137764.0,30008,3770.253399093575
178,2022,Porto,Trofa,81681297.35599999,18828,4338.288578500105
179,2022,Porto,Valongo,168565193.578,47797,3526.689825261
180,2022,Porto,Vila Nova de Gaia,606806730.514,161386,3759.971314203215
181,2022,Porto,Vila do Conde,177958597.936,46654,3814.4338735371025
182,2022,Santarém,Abrantes,71915537.0,24985,2878.348489093456
183,2022,Santarém,Alcanena,28220465.0,8133,3469.871511127505
184,2022,Santarém,Almeirim,51659625.514,13872,3724.0214470876585
185,2022,Santarém,Alpiarça,18006328.0,4455,4041.8244668911334
186,2022,Santarém,Benavente,67382224.822,17357,3882.1354394192545
187,2022,Santarém,Cartaxo,51018316.604,14590,3496.800315558602
188,2022,Santarém,Chamusca,22874849.644,6104,3747.5179626474446
189,2022,Santarém,Constância,8668735.0,2392,3624.0530936454848
190,2022,Santarém,Coruche,39949303.978,11462,3485.3693926016404
191,2022,Santarém,Entroncamento,35662536.0,12437,2867.45485245638
192,2022,Santarém,Ferreira do Zêzere,20249951.158,7855,2577.9695936346275
193,2022,Santarém,Golegã,19298527.0,4154,4645.769619643717
194,2022,Santarém,Mação,16457097.296,6821,2412.710349802082
195,2022,Santarém,Ourém,101582330.0,31845,3189.89888522531
196,2022,Santarém,Rio Maior,45402446.0,13174,3446.3675421284347
197,2022,Santarém,Salvaterra de Magos,50103399.894,12756,3927.830032455315
198,2022,Santarém,Santarém,137461826.994,37719,3644.3656245923803
199,2022,Santarém,Sardoal,8215756.0,3007,2732.210176255404
200,2022,Santarém,Tomar,78846720.0,27274,2890.911490797096
201,2022,Santarém,Torres Novas,76004043.752,21982,3457.558172686744
202,2022,Santarém,Vila Nova da Barquinha,13203503.74,4311,3062.747330085827
203,2022,Setúbal,Alcochete,46730662.54,11714,3989.30019976097
204,2022,Setúbal,Alcácer do Sal,34327420.0,8281,4145.323028619732
205,2022,Setúbal,Almada,330873165.87,115815,2856.911158917239
206,2022,Setúbal,Barreiro,122711538.344,48991,2504.7771701741135
207,2022,Setúbal,Grândola,52888128.778,12497,4232.065998079539
208,2022,Setúbal,Moita,96813333.806,39172,2471.493255539671
209,2022,Setúbal,Montijo,118595457.832,32403,3660.0147465358145
210,2022,Setúbal,Palmela,146725127.212,38656,3795.662438224338
211,2022,Setúbal,Santiago do Cacém,66982288.0,20422,3279.9083341494465
212,2022,Setúbal,Seixal,275012668.428,92325,2978.745393208773
213,2022,Setúbal,Sesimbra,109392528.0,36433,3002.5671232124723
214,2022,Setúbal,Setúbal,231092446.93400002,75038,3079.6722585090224
215,2022,Setúbal,Sines,32232844.0,9853,3271.373591799452
216,2022,Viana do Castelo,Arcos de Valdevez,45243015.0,19009,2380.083907622705
217,2022,Viana do Castelo,Caminha,44136088.111999996,16126,2736.9520099218653
218,2022,Viana do Castelo,Melgaço,18616820.548,8034,2317.2542379885485
219,2022,Viana do Castelo,Monção,41554188.6,14884,2791.8696990056437
220,2022,Viana do Castelo,Paredes de Coura,16646430.728,6539,2545.7150524545036
221,2022,Viana do Castelo,Ponte da Barca,22740522.0,9260,2455.7799136069116
222,2022,Viana do Castelo,Ponte de Lima,84250846.92,25814,3263.7656666924927
223,2022,Viana do Castelo,Valença,32363583.0,9938,3256.548903199839
224,2022,Viana do Castelo,Viana do Castelo,184380969.504,56418,3268.123107944273
225,2022,Viana do Castelo,Vila Nova de Cerveira,23132345.0,6735,3434.6466221232367
226,2022,Vila Real,Alijó,20812796.0,9053,2298.9943665083397
227,2022,Vila Real,Boticas,10656345.252,4810,2215.4563933471936
228,2022,Vila Real,Chaves,81565787.64,30523,2672.2729626838777
229,2022,Vila Real,Mesão Frio,6859709.0,2408,2848.7163621262457
230,2022,Vila Real,Mondim de Basto,11653183.0,5221,2231.9829534571923
231,2022,Vila Real,Montalegre,18358969.0,10421,1761.7281450916419
232,2022,Vila Real,Murça,10759705.0,4429,2429.3757055768797
233,2022,Vila Real,Peso da Régua,29557838.506,10228,2889.8942614391867
234,2022,Vila Real,Ribeira de Pena,12711036.0,4977,2553.9553948161542
235,2022,Vila Real,Sabrosa,11501270.0,4899,2347.6770769544805
236,2022,Vila Real,Santa Marta de Penaguião,10633965.0,4562,2330.9875054800527
237,2022,Vila Real,Valpaços,31659022.0,13754,2301.8047113566963
238,2022,Vila Real,Vila Pouca de Aguiar,25981673.0,10518,2470.2104012169616
239,2022,Vila Real,Vila Real,110044545.844,34343,3204.2787713362254
240,2022,Viseu,Armamar,14766966.0,5075,2909.7469950738914
241,2022,Viseu,Carregal do Sal,16919001.0,7270,2327.2353507565335
242,2022,Viseu,Castro daire,28422403.0,12568,2261.4897358370463
243,2022,Viseu,Cinfães,29588863.0,12226,2420.158923605431
244,2022,Viseu,Lamego,47345591.0,17897,2645.448455048332
245,2022,Viseu,Mangualde,36769630.0,13256,2773.810350030175
246,2022,Viseu,Moimenta da Beira,21797798.0,8504,2563.2405926622764
247,2022,Viseu,Mortágua,17697030.826,6636,2666.8220051235685
248,2022,Viseu,Nelas,24081307.0,9451,2548.0168236165487
249,2022,Viseu,Oliveira de Frades,19026311.406,6684,2846.5456921005384
250,2022,Viseu,Penalva do Castelo,13135879.0,5907,2223.781784323684
251,2022,Viseu,Penedono,6051560.0,2780,2176.820143884892
252,2022,Viseu,Resende,16845283.0,7715,2183.445625405055
253,2022,Viseu,Santa Comba Dão,19434269.0,7833,2481.076088344185
254,2022,Viseu,Sernancelhe,11389834.0,4698,2424.400595998297
255,2022,Viseu,Sátão,20878446.0,9375,2227.03424
256,2022,Viseu,São João da Pesqueira,14685135.0,5766,2546.8496357960457
257,2022,Viseu,São Pedro do Sul,28629775.0,12157,2355.0032902854323
258,2022,Viseu,Tabuaço,9548503.0,4394,2173.0776058261267
259,2022,Viseu,Tarouca,14190925.0,6532,2172.5237293325167
260,2022,Viseu,Tondela,48746077.0,19096,2552.6852220360283
261,2022,Viseu,Vila Nova de Paiva,10604068.542,4658,2276.5282400171745
262,2022,Viseu,Viseu,218150259.334,65499,3330.5891591322
263,2022,Viseu,Vouzela,19095557.0,7227,2642.2522485125223
264,2022,Évora,Alandroal,15271411.0,4080,3742.9928921568626
265,2022,Évora,Arraiolos,18923460.0,4810,3934.191268191268
266,2022,Évora,Borba,15016020.0,4232,3548.2088846880906
267,2022,Évora,Estremoz,33810391.0,9325,3625.779195710456
268,2022,Évora,Montemor-o-Novo,44463668.0,10693,4158.203310577013
269,2022,Évora,Mora,11513475.0,3590,3207.0961002785516
270,2022,Évora,Mourão,6481495.838,1948,3327.2565903490763
271,2022,Évora,Portel,13863277.0,4130,3356.7256658595643
272,2022,Évora,Redondo,14985455.0,4447,3369.7897458961097
273,2022,Évora,Reguengos de Monsaraz,25441093.0,7108,3579.2196117051208
274,2022,Évora,Vendas Novas,24730643.0,6971,3547.646392196242
275,2022,Évora,Viana do Alentejo,13639835.0,3723,3663.6677410690304
276,2022,Évora,Vila Viçosa,16760486.0,4881,3433.822167588609
277,2022,Évora,Évora,140353627.0,32893,4266.975557109416
278,2023,Aveiro,Albergaria-a-Velha,50632888.774,14198,3566.198674038597
279,2023,Aveiro,Anadia,57777270.0,17201,3358.9483169583164
280,2023,Aveiro,Arouca,42341374.0,12659,3344.7645153645626
281,2023,Aveiro,Aveiro,187329707.788,51422,3642.9875887363382
282,2023,Aveiro,Castelo de Paiva,27037582.0,8092,3341.2731092436975
283,2023,Aveiro,Espinho,62962890.0,18626,3380.3763556319122
284,2023,Aveiro,Estarreja,50181732.0,14426,3478.561763482601
285,2023,Aveiro,Mealhada,36103114.0,11502,3138.855329507912
286,2023,Aveiro,Murtosa,22681438.706,8583,2642.6003385762556
287,2023,Aveiro,Oliveira de Azeméis,120975811.866,33132,3651.328379391525
288,2023,Aveiro,Oliveira do Bairro,48620426.0,13657,3560.1102731200117
289,2023,Aveiro,Ovar,111371313.612,32246,3453.802444086088
290,2023,Aveiro,Santa Maria da Feira,258469046.658,72196,3580.1020369272533
291,2023,Aveiro,Sever do Vouga,23835319.0,7686,3101.1344002081705
292,2023,Aveiro,São João da Madeira,56005203.0,13495,4150.070618747684
293,2023,Aveiro,Vagos,46763561.934,15573,3002.861486804084
294,2023,Aveiro,Vale de Cambra,42806604.466,13423,3189.0489805557622
295,2023,Aveiro,Águeda,86912133.0,24569,3537.47132565428
296,2023,Aveiro,Ílhavo,71590772.666,25403,2818.201498484431
297,2023,Beja,Aljustrel,22228686.0,6013,3696.7713287876268
298,2023,Beja,Almodôvar,15841168.0,5692,2783.058327477161
299,2023,Beja,Alvito,6042229.0,1695,3564.736873156342
300,2023,Beja,Barrancos,3064729.0,1238,2475.548465266559
301,2023,Beja,Beja,84790491.0,22977,3690.2333202767986
302,2023,Beja,Castro Verde,15484627.0,4993,3101.2671740436613
303,2023,Beja,Cuba,11018295.0,3128,3522.4728260869565
304,2023,Beja,Ferreira do Alentejo,20295361.0,5250,3865.7830476190475
305,2023,Beja,Moura,33562915.87,10341,3245.6160787157914
306,2023,Beja,Mértola,15801136.0,7995,1976.3772357723578
307,2023,Beja,Odemira,67751484.0,20241,3347.239958500074
308,2023,Beja,Ourique,12138144.0,4150,2924.8539759036144
309,2023,Beja,Serpa,35354692.536,10688,3307.8866519461076
310,2023,Beja,Vidigueira,14000730.0,4008,3493.196107784431
311,2023,Braga,Amares,35374221.0,11361,3113.653815685239
312,2023,Braga,Barcelos,243285741.922,56736,4288.031266250705
313,2023,Braga,Braga,403621415.456,106586,3786.814548402229
314,2023,Braga,Cabeceiras de Basto,30229226.0,10692,2827.2751589973814
315,2023,Braga,Celorico de Basto,30553004.4,11128,2745.597088425593
316,2023,Braga,Esposende,84851776.0,26069,3254.891863899651
317,2023,Braga,Fafe,94735265.866,29066,3259.31555308608
318,2023,Braga,Guimarães,307917891.284,79007,3897.349491614667
319,2023,Braga,Póvoa de Lanhoso,41437089.0,13735,3016.897633782308
320,2023,Braga,Terras de Bouro,15303834.0,5303,2885.8823307561756
321,2023,Braga,Vieira do Minho,23324928.8,8618,2706.5361800881874
322,2023,Braga,Vila Nova de Famalicão,226081234.6,56194,4023.2272947289744
323,2023,Braga,Vila Verde,92694000.0,27439,3378.1843361638544
324,2023,Braga,Vizela,43283137.0,11259,3844.314503952394
325,2023,Bragança,Alfândega da Fé,9861738.0,4154,2374.034183919114
326,2023,Bragança,Bragança,88248603.286,30009,2940.7378881668833
327,2023,Bragança,Carrazeda de Ansiães,13467463.214,5611,2400.1894874353948
328,2023,Bragança,Freixo de Espada À Cinta,8317589.0,3491,2382.5806359209396
329,2023,Bragança,Macedo de Cavaleiros,33196590.0,12549,2645.357398995936
330,2023,Bragança,Miranda do douro,19182462.0,6554,2926.8327738785474
331,2023,Bragança,Mirandela,52314431.0,17321,3020.2893020033484
332,2023,Bragança,Mogadouro,21851200.0,8307,2630.456241723847
333,2023,Bragança,Torre de Moncorvo,16339334.352,7190,2272.508254798331
334,2023,Bragança,Vila Flor,14359645.0,5684,2526.3274102744545
335,2023,Bragança,Vimioso,10111500.0,4949,2043.1400282885431
336,2023,Bragança,Vinhais,16742021.0,7937,2109.3638654403426
337,2023,Castelo Branco,Belmonte,14181333.0,5137,2760.6254623321006
338,2023,Castelo Branco,Castelo Branco,128725484.024,43828,2937.0604185452225
339,2023,Castelo Branco,Covilhã,115697999.0,36150,3200.497897648686
340,2023,Castelo Branco,Fundão,63954456.0,24236,2638.8205974583266
341,2023,Castelo Branco,Idanha-a-Nova,24518383.0,10708,2289.725719088532
342,2023,Castelo Branco,Oleiros,10940971.0,5627,1944.3701794917363
343,2023,Castelo Branco,Penamacor,11634726.0,6383,1822.7676641077862
344,2023,Castelo Branco,Proença-a-Nova,17141402.0,7422,2309.5394772298573
345,2023,Castelo Branco,Sertã,33928287.0,13694,2477.602380604644
346,2023,Castelo Branco,Vila Velha de Ródão,8562864.0,3539,2419.571630404069
347,2023,Castelo Branco,Vila de Rei,7916317.0,3348,2364.491338112306
348,2023,Coimbra,Arganil,25072875.924,11126,2253.5390907783567
349,2023,Coimbra,Cantanhede,72133833.764,24244,2975.327246493978
350,2023,Coimbra,Coimbra,331395597.712,94513,3506.349366880747
351,2023,Coimbra,Condeixa-a-Nova,27301890.0,9374,2912.512267975251
352,2023,Coimbra,Figueira da Foz,124399661.894,49903,2492.8293267739414
353,2023,Coimbra,Góis,9706449.0,4981,1948.6948403934953
354,2023,Coimbra,Lousã,33250169.0,11669,2849.444596794927
355,2023,Coimbra,Mira,29365863.0,9922,2959.6717395686355
356,2023,Coimbra,Miranda do Corvo,21832578.084,7762,2812.7516212316414
357,2023,Coimbra,Montemor-o-Velho,47124126.0,14286,3298.622847543049
358,2023,Coimbra,Oliveira do Hospital,40713171.0,14731,2763.77510012898
359,2023,Coimbra,Pampilhosa da Serra,9253093.0,5342,1732.1402096593035
360,2023,Coimbra,Penacova,22949750.0,8751,2622.5288538452746
361,2023,Coimbra,Penela,11609645.0,4064,2856.7039862204724
362,2023,Coimbra,Soure,33692102.0,11772,2862.054196398233
363,2023,Coimbra,Tábua,23770331.0,9354,2541.194248449861
364,2023,Coimbra,Vila Nova de Poiares,13934063.0,4969,2804.1986315153954
365,2023,Faro,Albufeira,253115277.982,53838,4701.424235335637
366,2023,Faro,Alcoutim,7221989.0,3701,1951.361523912456
367,2023,Faro,Aljezur,22519827.0,6562,3431.8541603169765
368,2023,Faro,Castro Marim,27171989.068,9278,2928.647237335633
369,2023,Faro,Faro,190400793.12,45965,4142.299426085065
370,2023,Faro,Lagoa,110787331.65799999,24252,4568.17300255649
371,2023,Faro,Lagos,134839887.808,34545,3903.311269590389
372,2023,Faro,Loulé,385948094.09000003,77385,4987.376030109194
373,2023,Faro,Monchique,13910242.0,4567,3045.8160718195754
374,2023,Faro,Olhão,99777970.266,30422,3279.7965375714944
375,2023,Faro,Portimão,190476655.914,56830,3351.6919921520325
376,2023,Faro,Silves,135394243.9,36658,3693.443283867096
377,2023,Faro,São Brás de Alportel,29459463.65,7856,3749.931727342159
378,2023,Faro,Tavira,96410635.172,29633,3253.4888526980058
379,2023,Faro,Vila Real de Santo António,62707013.892000005,24038,2608.6618642149933
380,2023,Faro,Vila do Bispo,29110272.0,6824,4265.866354044549
381,2023,Guarda,Aguiar da Beira,13065928.0,4915,2658.378026449644
382,2023,Guarda,Almeida,15673355.0,6991,2241.9331998283506
383,2023,Guarda,Celorico da Beira,14158836.0,6263,2260.7114801213474
384,2023,Guarda,Figueira de Castelo Rodrigo,13169652.0,5325,2473.174084507042
385,2023,Guarda,Fornos de Algodres,9744788.0,4098,2377.9375305026842
386,2023,Guarda,Gouveia,24664595.0,10848,2273.653668879056
387,2023,Guarda,Guarda,84860078.0,30671,2766.7854977014117
388,2023,Guarda,Manteigas,8562769.0,2749,3114.8668606766096
389,2023,Guarda,Mêda,10353772.0,5042,2053.504958349861
390,2023,Guarda,Pinhel,17903304.0,8323,2151.0637991108974
391,2023,Guarda,Sabugal,25886922.0,14811,1747.8172979542232
392,2023,Guarda,Seia,42995433.0,18173,2365.896274693226
393,2023,Guarda,Trancoso,19813324.0,8122,2439.4636788968232
394,2023,Guarda,Vila Nova de Foz Côa,15232394.14,6712,2269.427017282479
395,2023,Leiria,Alcobaça,138470722.148,39127,3539.006878830475
396,2023,Leiria,Alvaiázere,14782506.0,5891,2509.337294177559
397,2023,Leiria,Ansião,22694380.0,8998,2522.158257390531
398,2023,Leiria,Batalha,35695802.0,9789,3646.521810195117
399,2023,Leiria,Bombarral,29576812.0,8891,3326.6012821954787
400,2023,Leiria,Caldas da Rainha,123830157.928,37139,3334.2351147849968
401,2023,Leiria,Castanheira de Pêra,6196694.0,2637,2349.9029199848314
402,2023,Leiria,Figueiró dos Vinhos,12212309.0,5244,2328.8155987795576
403,2023,Leiria,Leiria,307046010.35,82873,3705.0186472071728
404,2023,Leiria,Marinha Grande,83843994.278,24905,3366.5526712708293
405,2023,Leiria,Nazaré,42071114.0,15321,2745.977024998368
406,2023,Leiria,Pedrógão Grande,8116987.0,3820,2124.8657068062826
407,2023,Leiria,Peniche,66994942.0,23582,2840.935544059028
408,2023,Leiria,Pombal,113197992.0,37272,3037.078557630393
409,2023,Leiria,Porto de Mós,49540738.0,14424,3434.6046866333886
410,2023,Leiria,Óbidos,43356327.0,10500,4129.174
411,2023,Lisboa,Alenquer,81535357.0,24844,3281.8932941555304
412,2023,Lisboa,Amadora,265416087.208,98889,2683.9798886428216
413,2023,Lisboa,Arruda dos Vinhos,29992573.0,7708,3891.0966528282306
414,2023,Lisboa,Azambuja,43692394.928,12331,3543.2969692644556
415,2023,Lisboa,Cadaval,31848261.0,9697,3284.3416520573373
416,2023,Lisboa,Cascais,517328258.15999997,128101,4038.440434969282
417,2023,Lisboa,Lisboa,1649134119.072,395131,4173.638917402077
418,2023,Lisboa,Loures,367438498.0,110688,3319.58747108991
419,2023,Lisboa,Lourinhã,65185020.49,19084,3415.689608572626
420,2023,Lisboa,Mafra,191023927.294,50424,3788.3533098127878
421,2023,Lisboa,Odivelas,239316866.374,82206,2911.184905894947
422,2023,Lisboa,Oeiras,366633525.124,103089,3556.4757163615905
423,2023,Lisboa,Sintra,669137601.626,215689,3102.3260417823813
424,2023,Lisboa,Sobral de Monte Agraço,21476821.0,5944,3613.1933041722746
425,2023,Lisboa,Torres Vedras,178299410.866,51886,3436.368401225764
426,2023,Lisboa,Vila Franca de Xira,227106716.932,78246,2902.470630217519
427,2023,Portalegre,Alter do Chão,8047563.0,2879,2795.263285863147
428,2023,Portalegre,Arronches,9798485.0,2311,4239.932929467763
429,2023,Portalegre,Avis,12466796.0,3109,4009.905435831457
430,2023,Portalegre,Campo Maior,22661503.0,5328,4253.285097597598
431,2023,Portalegre,Castelo de Vide,8794752.0,2943,2988.362895005097
432,2023,Portalegre,Crato,9208828.0,3153,2920.6558832857595
433,2023,Portalegre,Elvas,52772664.0,13326,3960.1278703286807
434,2023,Portalegre,Fronteira,9008969.0,2542,3544.047600314713
435,2023,Portalegre,Gavião,8595357.0,3521,2441.1692700937233
436,2023,Portalegre,Marvão,8603851.095999999,2815,3056.430229484902
437,2023,Portalegre,Monforte,8262678.0,2218,3725.283137962128
438,2023,Portalegre,Nisa,14972350.0,6854,2184.4689232564924
439,2023,Portalegre,Ponte de Sor,36011015.0,10894,3305.5824306957957
440,2023,Portalegre,Portalegre,49959082.294,15629,3196.5629467016443
441,2023,Portalegre,Sousel,14285572.0,3540,4035.472316384181
442,2023,Porto,Amarante,97568244.0,31822,3066.0625982025012
443,2023,Porto,Baião,31007603.0,11940,2596.951675041876
444,2023,Porto,Felgueiras,109561427.54800001,27968,3917.3851383009155
445,2023,Porto,Gondomar,288136493.764,83359,3456.573300591418
446,2023,Porto,Lousada,90438667.0,22649,3993.0534239922295
447,2023,Porto,Maia,296758189.316,70965,4181.754235411822
448,2023,Porto,Marco de Canaveses,103903531.0,26994,3849.134289101282
449,2023,Porto,Matosinhos,385599282.76600003,97594,3951.05521616083
450,2023,Porto,Paredes,134385468.334,32931,4080.8195418906193
451,2023,Porto,Paços de Ferreira,117194975.63599999,26126,4485.760378014238
452,2023,Porto,Penafiel,140057023.864,35570,3937.504185099803
453,2023,Porto,Porto,787053792.49,175995,4472.023594363476
454,2023,Porto,Póvoa de Varzim,145301477.0,44996,3229.2087518890567
455,2023,Porto,Santo Tirso,114967989.774,30265,3798.711044903354
456,2023,Porto,Trofa,80064490.334,19028,4207.719693819635
457,2023,Porto,Valongo,171503215.412,48228,3556.09221638882
458,2023,Porto,Vila Nova de Gaia,617268872.73,163322,3779.459428184813
459,2023,Porto,Vila do Conde,182051982.932,47195,3857.4421640428013
460,2023,Santarém,Abrantes,72511643.806,25097,2889.2554411284214
461,2023,Santarém,Alcanena,28272338.0,8195,3449.9497254423427
462,2023,Santarém,Almeirim,53325888.542,14021,3803.2871080522077
463,2023,Santarém,Alpiarça,18479978.742,4532,4077.665212268314
464,2023,Santarém,Benavente,69159092.2,17558,3938.89350723317
465,2023,Santarém,Cartaxo,51455936.0,14684,3504.2179242713155
466,2023,Santarém,Chamusca,23840403.322,6178,3858.919281644545
467,2023,Santarém,Constância,8702064.0,2424,3589.960396039604
468,2023,Santarém,Coruche,40620524.0,11516,3527.3119138589786
469,2023,Santarém,Entroncamento,36621775.672,12590,2908.7987030976965
470,2023,Santarém,Ferreira do Zêzere,20640256.8,7903,2611.698949765912
471,2023,Santarém,Golegã,19723601.0,4214,4680.493830090176
472,2023,Santarém,Mação,16091858.644000001,6825,2357.7814863003664
473,2023,Santarém,Ourém,105083815.0,32175,3266.008236208236
474,2023,Santarém,Rio Maior,46923348.806,13274,3534.981829591683
475,2023,Santarém,Salvaterra de Magos,51979327.0,12867,4039.7394108960907
476,2023,Santarém,Santarém,142577523.0,37997,3752.336316024949
477,2023,Santarém,Sardoal,8290157.0,3024,2741.4540343915346
478,2023,Santarém,Tomar,80380654.9,27398,2933.814690853347
479,2023,Santarém,Torres Novas,75956109.0,22132,3431.958657148021
480,2023,Santarém,Vila Nova da Barquinha,13619959.0,4363,3121.6958514783405
481,2023,Setúbal,Alcochete,48113887.032,11786,4082.291450195147
482,2023,Setúbal,Alcácer do Sal,35966060.0,8363,4300.617003467655
483,2023,Setúbal,Almada,342868443.636,116501,2943.0515071630284
484,2023,Setúbal,Barreiro,126608579.118,49461,2559.76585831261
485,2023,Setúbal,Grândola,56383674.494,12714,4434.770685386188
486,2023,Setúbal,Moita,99916387.0,39463,2531.900438385323
487,2023,Setúbal,Montijo,123614494.638,32795,3769.309182436347
488,2023,Setúbal,Palmela,150459864.264,39169,3841.299605912839
489,2023,Setúbal,Santiago do Cacém,67212793.0,20572,3267.197793116858
490,2023,Setúbal,Seixal,279967279.0,93385,2997.9898163516623
491,2023,Setúbal,Sesimbra,112240693.0,36803,3049.7702089503573
492,2023,Setúbal,Setúbal,240292969.3,75735,3172.812692942497
493,2023,Setúbal,Sines,32846862.0,9923,3310.174543988713
494,2023,Viana do Castelo,Arcos de Valdevez,46015187.0,19142,2403.8860620624805
495,2023,Viana do Castelo,Caminha,44854703.0,16263,2758.082949025395
496,2023,Viana do Castelo,Melgaço,19007789.0,8055,2359.750341402855
497,2023,Viana do Castelo,Monção,42498469.0,15025,2828.517071547421
498,2023,Viana do Castelo,Paredes de Coura,17180471.0,6575,2612.999391634981
499,2023,Viana do Castelo,Ponte da Barca,23271214.588,9314,2498.5199257032423
500,2023,Viana do Castelo,Ponte de Lima,86435110.6,26154,3304.852435573908
501,2023,Viana do Castelo,Valença,33844735.0,10134,3339.7212354450367
502,2023,Viana do Castelo,Viana do Castelo,188194458.152,57025,3300.209700166594
503,2023,Viana do Castelo,Vila Nova de Cerveira,23883572.0,6788,3518.4991160872128
504,2023,Vila Real,Alijó,21468271.0,9099,2359.4099351577097
505,2023,Vila Real,Boticas,10676544.372,4826,2212.296803149606
506,2023,Vila Real,Chaves,81988682.734,30775,2664.1326639805034
507,2023,Vila Real,Mesão Frio,7058045.0,2411,2927.434674408959
508,2023,Vila Real,Mondim de Basto,11800864.0,5256,2245.2176560121766
509,2023,Vila Real,Montalegre,18627850.0,10441,1784.105928550905
510,2023,Vila Real,Murça,11304847.0,4464,2532.447804659498
511,2023,Vila Real,Peso da Régua,29145175.75,10290,2832.378595724004
512,2023,Vila Real,Ribeira de Pena,12686331.0,5038,2518.1284239777688
513,2023,Vila Real,Sabrosa,11713005.0,4928,2376.827313311688
514,2023,Vila Real,Santa Marta de Penaguião,10222115.0,4568,2237.7659807355517
515,2023,Vila Real,Valpaços,31237976.0,13795,2264.4418992388546
516,2023,Vila Real,Vila Pouca de Aguiar,25821288.0,10565,2444.0405111216282
517,2023,Vila Real,Vila Real,111460541.612,34718,3210.453989630739
518,2023,Viseu,Armamar,14792658.0,5097,2902.228369629194
519,2023,Viseu,Carregal do Sal,17640965.408,7321,2409.6387662887582
520,2023,Viseu,Castro daire,28569809.656,12592,2268.8857731893263
521,2023,Viseu,Cinfães,30365631.0,12279,2472.97263620816
522,2023,Viseu,Lamego,46621487.0,18006,2589.2195379318005
523,2023,Viseu,Mangualde,37848149.0,13350,2835.06734082397
524,2023,Viseu,Moimenta da Beira,22281562.0,8512,2617.6647086466164
525,2023,Viseu,Mortágua,17323786.89,6695,2587.570857356236
526,2023,Viseu,Nelas,24775248.0,9494,2609.5689909416474
527,2023,Viseu,Oliveira de Frades,19338537.0,6730,2873.482466567608
528,2023,Viseu,Penalva do Castelo,13433987.0,5949,2258.192469322575
529,2023,Viseu,Penedono,6095678.0,2802,2175.473947180585
530,2023,Viseu,Resende,17004664.0,7741,2196.7012013951685
531,2023,Viseu,Santa Comba Dão,19792667.734,7867,2515.910478454303
532,2023,Viseu,Sernancelhe,11712637.0,4736,2473.107474662162
533,2023,Viseu,Sátão,21220019.0,9456,2244.0798434856174
534,2023,Viseu,São João da Pesqueira,14536868.0,5787,2511.9868671159497
535,2023,Viseu,São Pedro do Sul,29087126.0,12262,2372.1355406948296
536,2023,Viseu,Tabuaço,9724730.0,4388,2216.2101185050137
537,2023,Viseu,Tarouca,14612424.0,6576,2222.0839416058393
538,2023,Viseu,Tondela,49590358.0,19235,2578.131427086041
539,2023,Viseu,Vila Nova de Paiva,10595162.742,4683,2262.4733593850096
540,2023,Viseu,Viseu,222245681.53,66225,3355.918180898452
541,2023,Viseu,Vouzela,19524518.0,7283,2680.8345462034877
542,2023,Évora,Alandroal,15104322.0,4103,3681.287350718986
543,2023,Évora,Arraiolos,18777969.0,4821,3895.036092097075
544,2023,Évora,Borba,15252244.0,4253,3586.231836350811
545,2023,Évora,Estremoz,34183117.5,9379,3644.6441518285533
546,2023,Évora,Montemor-o-Novo,45813176.0,10779,4250.225067260414
547,2023,Évora,Mora,11760154.0,3610,3257.6603878116343
548,2023,Évora,Mourão,6813180.856,1959,3477.8871138335885
549,2023,Évora,Portel,14323369.0,4160,3443.117548076923
550,2023,Évora,Redondo,15511236.0,4476,3465.4235924932977
551,2023,Évora,Reguengos de Monsaraz,26458803.0,7220,3664.6541551246537
552,2023,Évora,Vendas Novas,25239827.0,7034,3588.260875746375
553,2023,Évora,Viana do Alentejo,13715697.0,3748,3659.470917822839
554,2023,Évora,Vila Viçosa,16631698.0,4928,3374.9387175324673
555,2023,Évora,Évora,141961209.142,32997,4302.245935751735
556,2024,Aveiro,Albergaria-a-Velha,50980258.0,14299,3565.302328834184
557,2024,Aveiro,Anadia,58699090.0,17290,3394.9733950260265
558,2024,Aveiro,Arouca,43223019.0,12726,3396.43399339934
559,2024,Aveiro,Aveiro,194014013.0,52109,3723.234239766643
560,2024,Aveiro,Castelo de Paiva,27423055.0,8108,3382.221879625062
561,2024,Aveiro,Espinho,63301798.0,18913,3346.999312642098
562,2024,Aveiro,Estarreja,50097254.0,14547,3443.8203065924245
563,2024,Aveiro,Mealhada,36961478.0,11631,3177.8418020806466
564,2024,Aveiro,Murtosa,22993535.0,8636,2662.5214219546087
565,2024,Aveiro,Oliveira de Azeméis,121049617.0,33441,3619.796567088305
566,2024,Aveiro,Oliveira do Bairro,48908782.0,13765,3553.1261896113333
567,2024,Aveiro,Ovar,112375337.0,32542,3453.2400282711574
568,2024,Aveiro,Santa Maria da Feira,261996495.0,72793,3599.199030126523
569,2024,Aveiro,Sever do Vouga,24381312.0,7753,3144.7584160969946
570,2024,Aveiro,São João da Madeira,55492624.0,13631,4071.060377081652
571,2024,Aveiro,Vagos,48279955.0,15821,3051.6373806965426
572,2024,Aveiro,Vale de Cambra,43902367.0,13538,3242.8990249667604
573,2024,Aveiro,Águeda,88082513.0,24767,3556.4466023337504
574,2024,Aveiro,Ílhavo,73240636.0,25717,2847.9463389975504
575,2024,Beja,Aljustrel,22197482.0,6046,3671.432682765465
576,2024,Beja,Almodôvar,16205591.0,5722,2832.155015728766
577,2024,Beja,Alvito,5922537.0,1708,3467.527517564403
578,2024,Beja,Barrancos,3069059.0,1249,2457.212970376301
579,2024,Beja,Beja,82885412.0,23201,3572.493082194733
580,2024,Beja,Castro Verde,16114977.0,5027,3205.684702605928
581,2024,Beja,Cuba,10914533.0,3125,3492.65056
582,2024,Beja,Ferreira do Alentejo,19643920.0,5247,3743.838383838384
583,2024,Beja,Moura,33382197.0,10395,3211.3705627705626
584,2024,Beja,Mértola,15907786.0,8034,1980.058003485188
585,2024,Beja,Odemira,69118071.0,20343,3397.63412476036
586,2024,Beja,Ourique,12935844.0,4167,3104.354211663067
587,2024,Beja,Serpa,34760299.0,10757,3231.4120107836757
588,2024,Beja,Vidigueira,13668545.0,4034,3388.3353991075855
589,2024,Braga,Amares,36252099.0,11523,3146.064306170268
590,2024,Braga,Barcelos,248454152.0,57519,4319.514456092769
591,2024,Braga,Braga,414400435.0,107648,3849.5878697235435
592,2024,Braga,Cabeceiras de Basto,31185843.0,10838,2877.45368149105
593,2024,Braga,Celorico de Basto,31887746.0,11246,2835.4744798150455
594,2024,Braga,Esposende,87880201.0,26471,3319.8670620679236
595,2024,Braga,Fafe,97695895.866,29369,3326.497186352957
596,2024,Braga,Guimarães,315332200.806,79938,3944.7096600615478
597,2024,Braga,Póvoa de Lanhoso,43319660.0,14011,3091.832131896367
598,2024,Braga,Terras de Bouro,15793386.0,5363,2944.8789856423646
599,2024,Braga,Vieira do Minho,24364769.0,8695,2802.158596894767
600,2024,Braga,Vila Nova de Famalicão,229408238.0,56929,4029.7254123557414
601,2024,Braga,Vila Verde,96057338.0,27905,3442.2984411395805
602,2024,Braga,Vizela,43772652.0,11411,3836.0049075453508
603,2024,Bragança,Alfândega da Fé,9993200.0,4160,2402.2115384615386
604,2024,Bragança,Bragança,90755644.0,30293,2995.9279041362693
605,2024,Bragança,Carrazeda de Ansiães,13857609.0,5623,2464.4511826427174
606,2024,Bragança,Freixo de Espada À Cinta,8439817.0,3460,2439.2534682080923
607,2024,Bragança,Macedo de Cavaleiros,33577921.0,12620,2660.6910459587957
608,2024,Bragança,Miranda do douro,19391979.0,6549,2961.0595510765
609,2024,Bragança,Mirandela,53701473.0,17402,3085.9368463395012
610,2024,Bragança,Mogadouro,22104251.0,8297,2664.1257080872606
611,2024,Bragança,Torre de Moncorvo,16555763.0,7193,2301.649242318921
612,2024,Bragança,Vila Flor,14706294.0,5694,2582.7702845100107
613,2024,Bragança,Vimioso,10500363.0,4939,2126.009921036647
614,2024,Bragança,Vinhais,16982505.0,7934,2140.472019158054
615,2024,Castelo Branco,Belmonte,14521873.0,5147,2821.4247134252964
616,2024,Castelo Branco,Castelo Branco,130197797.0,44196,2945.918114761517
617,2024,Castelo Branco,Covilhã,125298491.0,36425,3439.9036650652024
618,2024,Castelo Branco,Fundão,66024805.0,24444,2701.0638602520044
619,2024,Castelo Branco,Idanha-a-Nova,24617298.0,10676,2305.854065192956
620,2024,Castelo Branco,Oleiros,10485116.0,5608,1869.6711840228245
621,2024,Castelo Branco,Penamacor,11812668.0,6421,1839.692882728547
622,2024,Castelo Branco,Proença-a-Nova,17379809.0,7476,2324.7470572498664
623,2024,Castelo Branco,Sertã,34334231.0,13820,2484.3871924746745
624,2024,Castelo Branco,Vila Velha de Ródão,8796649.0,3558,2472.3577852726253
625,2024,Castelo Branco,Vila de Rei,8150387.0,3386,2407.0841701122267
626,2024,Coimbra,Arganil,25855494.0,11203,2307.9080603409802
627,2024,Coimbra,Cantanhede,72743328.0,24390,2982.5062730627305
628,2024,Coimbra,Coimbra,333896199.0,95175,3508.2342947202524
629,2024,Coimbra,Condeixa-a-Nova,27687252.0,9502,2913.8341401810144
630,2024,Coimbra,Figueira da Foz,126435879.0,50280,2514.6356205250595
631,2024,Coimbra,Góis,10194236.0,4983,2045.8029299618704
632,2024,Coimbra,Lousã,33548686.0,11766,2851.3246642869285
633,2024,Coimbra,Mira,29713997.0,10045,2958.0883026381284
634,2024,Coimbra,Miranda do Corvo,21803015.0,7832,2783.8374616956075
635,2024,Coimbra,Montemor-o-Velho,47703606.0,14355,3323.1352142110763
636,2024,Coimbra,Oliveira do Hospital,41462301.0,14859,2790.3830002018976
637,2024,Coimbra,Pampilhosa da Serra,9235440.0,5341,1729.159333458154
638,2024,Coimbra,Penacova,23428209.0,8782,2667.753245274425
639,2024,Coimbra,Penela,11914108.0,4120,2891.773786407767
640,2024,Coimbra,Soure,33445935.0,11850,2822.441772151899
641,2024,Coimbra,Tábua,24573148.0,9393,2616.1128499946767
642,2024,Coimbra,Vila Nova de Poiares,14339729.0,5016,2858.7976475279106
643,2024,Faro,Albufeira,254671445.0,54333,4687.233265234756
644,2024,Faro,Alcoutim,7062608.0,3712,1902.6422413793102
645,2024,Faro,Aljezur,23264724.0,6633,3507.421076436002
646,2024,Faro,Castro Marim,27046727.0,9304,2906.9998925193463
647,2024,Faro,Faro,190074933.676,46429,4093.8838587089963
648,2024,Faro,Lagoa,110528798.0,24407,4528.569590691195
649,2024,Faro,Lagos,136157736.0,34923,3898.798385018469
650,2024,Faro,Loulé,387224744.0,78124,4956.5401669141365
651,2024,Faro,Monchique,14371846.0,4596,3127.033507397737
652,2024,Faro,Olhão,99014839.0,30740,3221.0422576447627
653,2024,Faro,Portimão,191029108.0,57980,3294.741428078648
654,2024,Faro,Silves,134707390.0,37075,3633.375320296696
655,2024,Faro,São Brás de Alportel,29701439.0,7892,3763.4869488089203
656,2024,Faro,Tavira,96017279.0,30005,3200.042626228962
657,2024,Faro,Vila Real de Santo António,61980838.0,24161,2565.3258557178924
658,2024,Faro,Vila do Bispo,29281935.0,6856,4270.994019836639
659,2024,Guarda,Aguiar da Beira,13388096.0,4984,2686.215088282504
660,2024,Guarda,Almeida,16050295.0,6965,2304.4213926776742
661,2024,Guarda,Celorico da Beira,14317380.0,6283,2278.749005252268
662,2024,Guarda,Figueira de Castelo Rodrigo,13143750.0,5303,2478.549877427871
663,2024,Guarda,Fornos de Algodres,9746030.0,4077,2390.4905567819474
664,2024,Guarda,Gouveia,25375717.0,10870,2334.472585096596
665,2024,Guarda,Guarda,87418609.0,30847,2833.942004084676
666,2024,Guarda,Manteigas,8999021.0,2753,3268.805303305485
667,2024,Guarda,Mêda,10883603.0,5081,2142.019877976776
668,2024,Guarda,Pinhel,18240687.0,8370,2179.293548387097
669,2024,Guarda,Sabugal,26859850.0,14863,1807.1620803337146
670,2024,Guarda,Seia,44271917.0,18241,2427.055369771394
671,2024,Guarda,Trancoso,20274442.0,8126,2495.0088604479447
672,2024,Guarda,Vila Nova de Foz Côa,15824179.0,6744,2346.4085112692765
673,2024,Leiria,Alcobaça,141848373.0,39536,3587.828131323351
674,2024,Leiria,Alvaiázere,15094234.0,5915,2551.8569737954354
675,2024,Leiria,Ansião,23458810.0,9060,2589.272626931567
676,2024,Leiria,Batalha,36408206.0,9866,3690.2702209608756
677,2024,Leiria,Bombarral,30470743.0,9027,3375.5115763819654
678,2024,Leiria,Caldas da Rainha,125906027.0,37553,3352.7554922376376
679,2024,Leiria,Castanheira de Pêra,6357958.0,2657,2392.908543470079
680,2024,Leiria,Figueiró dos Vinhos,12254196.0,5238,2339.4799541809853
681,2024,Leiria,Leiria,312690662.0,83774,3732.5502184448637
682,2024,Leiria,Marinha Grande,83836051.0,25085,3342.0789714969105
683,2024,Leiria,Nazaré,42719214.0,15491,2757.679555871151
684,2024,Leiria,Pedrógão Grande,8492632.0,3830,2217.3973890339425
685,2024,Leiria,Peniche,67717276.0,23725,2854.258208640674
686,2024,Leiria,Pombal,115102875.0,37609,3060.514105666197
687,2024,Leiria,Porto de Mós,50117929.0,14593,3434.381484273282
688,2024,Leiria,Óbidos,43695889.0,10658,4099.820698067179
689,2024,Lisboa,Alenquer,82989856.0,25067,3310.7215063629474
690,2024,Lisboa,Amadora,270161987.0,99350,2719.2952893809766
691,2024,Lisboa,Arruda dos Vinhos,30678367.0,7785,3940.7022479126526
692,2024,Lisboa,Azambuja,43507109.0,12411,3505.5280799290954
693,2024,Lisboa,Cadaval,31697004.0,9818,3228.458341821145
694,2024,Lisboa,Cascais,525329526.0,128794,4078.8353960588224
695,2024,Lisboa,Lisboa,1675499763.66,398216,4207.514925718706
696,2024,Lisboa,Loures,374006775.0,111777,3346.0083469765696
697,2024,Lisboa,Lourinhã,66400547.0,19380,3426.240815273478
698,2024,Lisboa,Mafra,197506885.0,51029,3870.4831566364223
699,2024,Lisboa,Odivelas,244825498.0,82674,2961.336066961802
700,2024,Lisboa,Oeiras,370500142.0,103588,3576.6704830675367
701,2024,Lisboa,Sintra,684101652.8100001,217067,3151.5691137298627
702,2024,Lisboa,Sobral de Monte Agraço,22611380.0,6035,3746.70753935377
703,2024,Lisboa,Torres Vedras,182257229.0,52423,3476.665375884631
704,2024,Lisboa,Vila Franca de Xira,229282873.0,78850,2907.836055802156
705,2024,Portalegre,Alter do Chão,8093480.0,2894,2796.6413268832066
706,2024,Portalegre,Arronches,9496607.0,2330,4075.7969957081546
707,2024,Portalegre,Avis,11954832.0,3128,3821.8772378516624
708,2024,Portalegre,Campo Maior,21316127.0,5313,4012.0698287220025
709,2024,Portalegre,Castelo de Vide,8655761.0,2955,2929.1915397631133
710,2024,Portalegre,Crato,9082229.0,3163,2871.3970913689536
711,2024,Portalegre,Elvas,52287584.0,13452,3886.9747249479633
712,2024,Portalegre,Fronteira,8863590.0,2572,3446.1858475894246
713,2024,Portalegre,Gavião,8619564.0,3522,2447.349233390119
714,2024,Portalegre,Marvão,9031712.0,2812,3211.846372688478
715,2024,Portalegre,Monforte,8251663.0,2212,3730.4082278481014
716,2024,Portalegre,Nisa,15188978.0,6871,2210.592053558434
717,2024,Portalegre,Ponte de Sor,36837231.0,10925,3371.8289244851258
718,2024,Portalegre,Portalegre,50410063.0,15734,3203.893669759756
719,2024,Portalegre,Sousel,13780746.0,3566,3864.4828939988784
720,2024,Porto,Amarante,100995520.0,32015,3154.631266593784
721,2024,Porto,Baião,32145323.0,11972,2685.042014700969
722,2024,Porto,Felgueiras,110862340.0,28200,3931.2886524822693
723,2024,Porto,Gondomar,291672503.73399997,83832,3479.2502115421316
724,2024,Porto,Lousada,93060545.0,23107,4027.374605098022
725,2024,Porto,Maia,304444451.0,71600,4252.017472067039
726,2024,Porto,Marco de Canaveses,107049411.0,27314,3919.2139928241927
727,2024,Porto,Matosinhos,394882454.0,98563,4006.3964570883595
728,2024,Porto,Paredes,138272861.0,33503,4127.178491478375
729,2024,Porto,Paços de Ferreira,119850376.0,26478,4526.413475338017
730,2024,Porto,Penafiel,143636670.0,35945,3996.0125191264433
731,2024,Porto,Porto,793389317.0,178429,4446.526724915793
732,2024,Porto,Póvoa de Varzim,149277829.0,45405,3287.695826450831
733,2024,Porto,Santo Tirso,116837510.0,30612,3816.7225271135503
734,2024,Porto,Trofa,81275962.0,19197,4233.784549669219
735,2024,Porto,Valongo,174869557.0,48609,3597.4728342488015
736,2024,Porto,Vila Nova de Gaia,628122147.0,165315,3799.5472098720625
737,2024,Porto,Vila do Conde,185462324.0,47644,3892.6690454202
738,2024,Santarém,Abrantes,73040089.0,25165,2902.447407113054
739,2024,Santarém,Alcanena,28037028.0,8248,3399.2516973811835
740,2024,Santarém,Almeirim,52879085.0,14120,3744.9776912181305
741,2024,Santarém,Alpiarça,17743631.0,4562,3889.441253836037
742,2024,Santarém,Benavente,69785252.0,17723,3937.553010212718
743,2024,Santarém,Cartaxo,51281422.0,14826,3458.884527181978
744,2024,Santarém,Chamusca,23165402.0,6196,3738.767269205939
745,2024,Santarém,Constância,8834816.0,2434,3629.7518488085457
746,2024,Santarém,Coruche,40411971.0,11590,3486.7964624676447
747,2024,Santarém,Entroncamento,36655641.0,12677,2891.5075333280743
748,2024,Santarém,Ferreira do Zêzere,20658464.0,7954,2597.2421423183305
749,2024,Santarém,Golegã,19069663.0,4233,4504.9995275218525
750,2024,Santarém,Mação,16153664.0,6830,2365.1045387994145
751,2024,Santarém,Ourém,107974250.0,32489,3323.4094616639477
752,2024,Santarém,Rio Maior,47990572.0,13412,3578.1816283924845
753,2024,Santarém,Salvaterra de Magos,51330207.0,12970,3957.610408635312
754,2024,Santarém,Santarém,142232661.0,38197,3723.6605230777286
755,2024,Santarém,Sardoal,8253988.0,3032,2722.291556728232
756,2024,Santarém,Tomar,80318320.0,27521,2918.4375567748266
757,2024,Santarém,Torres Novas,76249021.0,22263,3424.9212145712618
758,2024,Santarém,Vila Nova da Barquinha,13766452.0,4387,3138.010485525416
759,2024,Setúbal,Alcochete,48307495.0,11857,4074.1751707851904
760,2024,Setúbal,Alcácer do Sal,36028092.0,8484,4246.592644978784
761,2024,Setúbal,Almada,346686680.0,117150,2959.3399914639353
762,2024,Setúbal,Barreiro,128338695.0,49696,2582.475350128783
763,2024,Setúbal,Grândola,57775195.0,12914,4473.841954468019
764,2024,Setúbal,Moita,102056976.0,39703,2570.510440017127
765,2024,Setúbal,Montijo,125206331.0,33256,3764.9245549675247
766,2024,Setúbal,Palmela,152044718.0,39816,3818.6838959212378
767,2024,Setúbal,Santiago do Cacém,67462360.0,20686,3261.256888717007
768,2024,Setúbal,Seixal,287266230.0,94359,3044.3967189139353
769,2024,Setúbal,Sesimbra,113520832.0,37086,3061.0158011109315
770,2024,Setúbal,Setúbal,240552450.0,76347,3150.7780266415184
771,2024,Setúbal,Sines,33366209.0,10000,3336.6209
772,2024,Viana do Castelo,Arcos de Valdevez,47545513.0,19295,2464.1364602228555
773,2024,Viana do Castelo,Caminha,45801971.0,16392,2794.16611761835
774,2024,Viana do Castelo,Melgaço,19382417.0,8065,2403.275511469312
775,2024,Viana do Castelo,Monção,44062009.0,15186,2901.4888054787302
776,2024,Viana do Castelo,Paredes de Coura,17822287.0,6635,2686.102034664657
777,2024,Viana do Castelo,Ponte da Barca,23816686.0,9375,2540.4465066666667
778,2024,Viana do Castelo,Ponte de Lima,89556426.0,26447,3386.260294173252
779,2024,Viana do Castelo,Valença,34775378.0,10243,3395.038367665723
780,2024,Viana do Castelo,Viana do Castelo,192790642.0,57621,3345.839919473803
781,2024,Viana do Castelo,Vila Nova de Cerveira,23970280.0,6862,3493.191489361702
782,2024,Vila Real,Alijó,22102840.0,9096,2429.9516270888303
783,2024,Vila Real,Boticas,11132972.0,4865,2288.3806783144914
784,2024,Vila Real,Chaves,83615591.0,30984,2698.669990963078
785,2024,Vila Real,Mesão Frio,7110217.0,2414,2945.4088649544324
786,2024,Vila Real,Mondim de Basto,12301623.0,5291,2325.009072009072
787,2024,Vila Real,Montalegre,19864504.0,10495,1892.7588375416865
788,2024,Vila Real,Murça,11318592.0,4460,2537.8008968609865
789,2024,Vila Real,Peso da Régua,29252666.0,10311,2837.03481718553
790,2024,Vila Real,Ribeira de Pena,12933951.0,5071,2550.5720765135084
791,2024,Vila Real,Sabrosa,12389006.0,4945,2505.3601617795753
792,2024,Vila Real,Santa Marta de Penaguião,10476784.0,4539,2308.1700815157524
793,2024,Vila Real,Valpaços,32327982.0,13874,2330.1125846907885
794,2024,Vila Real,Vila Pouca de Aguiar,27209289.0,10642,2556.7834053749293
795,2024,Vila Real,Vila Real,116070961.0,35065,3310.1657208042207
796,2024,Viseu,Armamar,15926009.0,5145,3095.434207968902
797,2024,Viseu,Carregal do Sal,18275428.0,7405,2467.9848750844026
798,2024,Viseu,Castro daire,29076849.0,12670,2294.9367797947907
799,2024,Viseu,Cinfães,31291737.0,12324,2539.0893378773126
800,2024,Viseu,Lamego,48107632.0,18178,2646.4755198591706
801,2024,Viseu,Mangualde,38452719.0,13451,2858.7256709538324
802,2024,Viseu,Moimenta da Beira,22982100.0,8561,2684.511155238874
803,2024,Viseu,Mortágua,17859080.0,6716,2659.1840381179272
804,2024,Viseu,Nelas,25821667.0,9566,2699.317060422329
805,2024,Viseu,Oliveira de Frades,19918980.0,6795,2931.417218543046
806,2024,Viseu,Penalva do Castelo,14065700.0,6004,2342.721518987342
807,2024,Viseu,Penedono,6350047.0,2816,2254.98828125
808,2024,Viseu,Resende,17356447.0,7756,2237.809051057246
809,2024,Viseu,Santa Comba Dão,20446811.0,7951,2571.602439944661
810,2024,Viseu,Sernancelhe,12265167.0,4758,2577.798865069357
811,2024,Viseu,Sátão,21863608.0,9520,2296.5974789915967
812,2024,Viseu,São João da Pesqueira,15081504.0,5803,2598.915043942788
813,2024,Viseu,São Pedro do Sul,29968164.0,12354,2425.786304031083
814,2024,Viseu,Tabuaço,9743438.0,4389,2219.967646388699
815,2024,Viseu,Tarouca,15353509.0,6657,2306.37058735166
816,2024,Viseu,Tondela,51315027.0,19402,2644.831821461705
817,2024,Viseu,Vila Nova de Paiva,11256473.0,4717,2386.3627305490777
818,2024,Viseu,Viseu,229436533.0,67099,3419.373358768387
819,2024,Viseu,Vouzela,20312230.0,7353,2762.4411804705564
820,2024,Évora,Alandroal,14657739.0,4154,3528.5842561386617
821,2024,Évora,Arraiolos,18861774.0,4847,3891.432638745616
822,2024,Évora,Borba,15279176.0,4268,3579.938144329897
823,2024,Évora,Estremoz,34222629.0,9411,3636.4497927956645
824,2024,Évora,Montemor-o-Novo,45882953.0,10820,4240.5686691312385
825,2024,Évora,Mora,11812054.0,3627,3256.7008547008545
826,2024,Évora,Mourão,6755017.0,1985,3403.031234256927
827,2024,Évora,Portel,14381272.0,4191,3431.465521355285
828,2024,Évora,Redondo,15680177.0,4499,3485.258279617693
829,2024,Évora,Reguengos de Monsaraz,26494056.0,7271,3643.7981020492366
830,2024,Évora,Vendas Novas,25119782.0,7071,3552.5077075378304
831,2024,Évora,Viana do Alentejo,13803272.0,3803,3629.5745464107285
832,2024,Évora,Vila Viçosa,16886582.0,4962,3403.1805723498587
833,2024,Évora,Évora,142957457.0,33185,4307.893837577219
834,2025,Aveiro,Albergaria-a-Velha,42174739.182,14400,2928.801332083333
835,2025,Aveiro,Anadia,49816125.524,17436,2857.0845104381738
836,2025,Aveiro,Arouca,36593859.186,12814,2855.771748556266
837,2025,Aveiro,Aveiro,166399310.0,52899,3145.604075691412
838,2025,Aveiro,Castelo de Paiva,23472560.607,8161,2876.1868161989955
839,2025,Aveiro,Espinho,52989981.995,19165,2764.935141925385
840,2025,Aveiro,Estarreja,41656706.926,14635,2846.375601366587
841,2025,Aveiro,Mealhada,31347419.81,11756,2666.5038967335827
842,2025,Aveiro,Murtosa,19604766.018,8702,2252.9034725350493
843,2025,Aveiro,Oliveira de Azeméis,102321639.903,33776,3029.4185191556135
844,2025,Aveiro,Oliveira do Bairro,41584715.488,13907,2990.2002939526856
845,2025,Aveiro,Ovar,94858810.314,32850,2887.6350171689496
846,2025,Aveiro,Santa Maria da Feira,223055165.224,73411,3038.4433562272684
847,2025,Aveiro,Sever do Vouga,20945588.348,7794,2687.3990695406724
848,2025,Aveiro,São João da Madeira,47246145.625,13744,3437.583354554715
849,2025,Aveiro,Vagos,41435951.245,16013,2587.6444916630235
850,2025,Aveiro,Vale de Cambra,37224859.737,13621,2732.902117098598
851,2025,Aveiro,Águeda,74278385.547,24888,2984.5060087994216
852,2025,Aveiro,Ílhavo,61907023.554,26006,2380.490023609936
853,2025,Beja,Aljustrel,19365626.624,6096,3176.776020997376
854,2025,Beja,Almodôvar,13817280.778,5773,2393.431626190889
855,2025,Beja,Alvito,5192349.803,1719,3020.5641669575334
856,2025,Beja,Barrancos,2607450.154,1253,2080.9658052673585
857,2025,Beja,Beja,72464300.246,23311,3108.5882307065335
858,2025,Beja,Castro Verde,14209205.545,5046,2815.934511494253
859,2025,Beja,Cuba,9432086.264,3127,3016.337148704829
860,2025,Beja,Ferreira do Alentejo,17099561.749,5256,3253.3412764459667
861,2025,Beja,Moura,29500732.107,10439,2826.0113140147523
862,2025,Beja,Mértola,13818240.65,8096,1706.7984992588933
863,2025,Beja,Odemira,60343414.39,20472,2947.607189820242
864,2025,Beja,Ourique,11289176.006,4186,2696.8886779741997
865,2025,Beja,Serpa,30130959.621,10785,2793.783924061196
866,2025,Beja,Vidigueira,12333805.109,4088,3017.0756137475537
867,2025,Braga,Amares,31141361.359,11646,2673.9963385711835
868,2025,Braga,Barcelos,211147210.993,58335,3619.5630580783404
869,2025,Braga,Braga,357076128.661,108849,3280.472293369714
870,2025,Braga,Cabeceiras de Basto,26588498.823,10938,2430.8373398244653
871,2025,Braga,Celorico de Basto,27795073.239,11368,2445.027554451091
872,2025,Braga,Esposende,74901356.233,26814,2793.3675032818674
873,2025,Braga,Fafe,83626571.766,29773,2808.805688576899
874,2025,Braga,Guimarães,269058818.771,81015,3321.098793692526
875,2025,Braga,Póvoa de Lanhoso,37941763.057,14158,2679.881555092527
876,2025,Braga,Terras de Bouro,13586662.143,5399,2516.5145662159657
877,2025,Braga,Vieira do Minho,20967742.45,8793,2384.5948424883427
878,2025,Braga,Vila Nova de Famalicão,197256430.621,57811,3412.0916542007576
879,2025,Braga,Vila Verde,83346545.19500001,28280,2947.190424151344
880,2025,Braga,Vizela,37610522.023,11627,3234.757205039993
881,2025,Bragança,Alfândega da Fé,8565245.987,4180,2049.10191076555
882,2025,Bragança,Bragança,75921221.243,30616,2479.7890398157824
883,2025,Bragança,Carrazeda de Ansiães,11652269.023,5620,2073.3574774021354
884,2025,Bragança,Freixo de Espada À Cinta,7172438.785999999,3457,2074.7581099218974
885,2025,Bragança,Macedo de Cavaleiros,27879501.63,12689,2197.139382930097
886,2025,Bragança,Miranda do douro,15834562.709,6540,2421.1869585626914
887,2025,Bragança,Mirandela,45023669.288,17516,2570.430993834209
888,2025,Bragança,Mogadouro,18287983.706,8339,2193.06675932366
889,2025,Bragança,Torre de Moncorvo,13903102.579,7204,1929.9142946973902
890,2025,Bragança,Vila Flor,12577570.22,5710,2202.726833625219
891,2025,Bragança,Vimioso,8956804.09,4958,1806.5357180314643
892,2025,Bragança,Vinhais,14208286.488,7932,1791.2615340393343
893,2025,Castelo Branco,Belmonte,12515471.424,5226,2394.8471917336396
894,2025,Castelo Branco,Castelo Branco,111543611.194,44597,2501.146067986636
895,2025,Castelo Branco,Covilhã,118751755.731,36757,3230.724915825557
896,2025,Castelo Branco,Fundão,56500857.935,24557,2300.804574459421
897,2025,Castelo Branco,Idanha-a-Nova,20420735.364,10725,1904.0312693706294
898,2025,Castelo Branco,Oleiros,8691290.15,5664,1534.4791931497175
899,2025,Castelo Branco,Penamacor,10103566.859,6439,1569.1204937102034
900,2025,Castelo Branco,Proença-a-Nova,14651009.4,7536,1944.136066878981
901,2025,Castelo Branco,Sertã,29460860.535,13911,2117.810404356265
902,2025,Castelo Branco,Vila Velha de Ródão,7513209.915,3584,2096.319730747768
903,2025,Castelo Branco,Vila de Rei,6986586.829,3421,2042.264492546039
904,2025,Coimbra,Arganil,21893908.756,11199,1954.9878342709171
905,2025,Coimbra,Cantanhede,61892656.021,24577,2518.3161500996866
906,2025,Coimbra,Coimbra,284200755.152,96032,2959.4380534821726
907,2025,Coimbra,Condeixa-a-Nova,23925741.557,9581,2497.2071346414778
908,2025,Coimbra,Figueira da Foz,108007468.513,50706,2130.072743127046
909,2025,Coimbra,Góis,8527794.868,4985,1710.6910467402208
910,2025,Coimbra,Lousã,28309180.766,11872,2384.5334203167113
911,2025,Coimbra,Mira,25428316.762,10145,2506.4876059142434
912,2025,Coimbra,Miranda do Corvo,18306147.595,7932,2307.8854759203227
913,2025,Coimbra,Montemor-o-Velho,40202395.972,14426,2786.801328989325
914,2025,Coimbra,Oliveira do Hospital,34999771.525,14910,2347.4025167672703
915,2025,Coimbra,Pampilhosa da Serra,7821160.204,5308,1473.4665041446872
916,2025,Coimbra,Penacova,19895382.799,8873,2242.2385663248056
917,2025,Coimbra,Penela,10249056.793,4136,2478.0117971470017
918,2025,Coimbra,Soure,28015248.651,11937,2346.925412666499
919,2025,Coimbra,Tábua,21297785.96,9471,2248.7367711962834
920,2025,Coimbra,Vila Nova de Poiares,12271914.063000001,5054,2428.1586986545312
921,2025,Faro,Albufeira,229773792.144,54677,4202.384771366388
922,2025,Faro,Alcoutim,6104543.797,3725,1638.8037038926175
923,2025,Faro,Aljezur,20316663.427,6683,3040.051388149035
924,2025,Faro,Castro Marim,24102354.353,9253,2604.8151251486006
925,2025,Faro,Faro,167768302.153,46877,3578.904412675726
926,2025,Faro,Lagoa,96501605.32,24618,3919.9612202453486
927,2025,Faro,Lagos,120154018.693,35271,3406.595182813076
928,2025,Faro,Loulé,341870454.36,78996,4327.69322953061
929,2025,Faro,Monchique,12633043.22,4610,2740.356446854664
930,2025,Faro,Olhão,88054275.016,31138,2827.8718933778664
931,2025,Faro,Portimão,168871941.47100002,58355,2893.872701071031
932,2025,Faro,Silves,120082118.661,37371,3213.243388215461
933,2025,Faro,São Brás de Alportel,25756408.442,8008,3216.334720529471
934,2025,Faro,Tavira,85965438.575,30289,2838.1735473274125
935,2025,Faro,Vila Real de Santo António,55071140.554,24470,2250.5574398855742
936,2025,Faro,Vila do Bispo,25594505.753,6865,3728.2601242534593
937,2025,Guarda,Aguiar da Beira,11513134.003,5004,2300.78617166267
938,2025,Guarda,Almeida,13109501.444,6986,1876.5389985685658
939,2025,Guarda,Celorico da Beira,12215520.545,6361,1920.3773848451501
940,2025,Guarda,Figueira de Castelo Rodrigo,10888007.501,5289,2058.613632255625
941,2025,Guarda,Fornos de Algodres,8271723.609,4127,2004.2945502786529
942,2025,Guarda,Gouveia,21301234.709,10916,1951.3773093624036
943,2025,Guarda,Guarda,73856823.795,30986,2383.55463096237
944,2025,Guarda,Manteigas,7581313.996,2742,2764.884754194019
945,2025,Guarda,Mêda,9132274.142,5084,1796.2773686073958
946,2025,Guarda,Pinhel,15093408.622,8399,1797.048294082629
947,2025,Guarda,Sabugal,22922809.571,14883,1540.2008715312772
948,2025,Guarda,Seia,37419998.182,18344,2039.9039567160924
949,2025,Guarda,Trancoso,16870128.37,8132,2074.536198967044
950,2025,Guarda,Vila Nova de Foz Côa,13177418.563000001,6788,1941.2814618444315
951,2025,Leiria,Alcobaça,121566819.527,40021,3037.5757609005273
952,2025,Leiria,Alvaiázere,12775163.493,6026,2120.007217557252
953,2025,Leiria,Ansião,20019227.736,9109,2197.741545284883
954,2025,Leiria,Batalha,30994771.086,10019,3093.5992699870244
955,2025,Leiria,Bombarral,26241694.314999998,9143,2870.140469758285
956,2025,Leiria,Caldas da Rainha,107851706.811,37977,2839.9217107986415
957,2025,Leiria,Castanheira de Pêra,5572899.245,2667,2089.576019872516
958,2025,Leiria,Figueiró dos Vinhos,10338153.838,5234,1975.1917917462742
959,2025,Leiria,Leiria,265175341.212,84841,3125.556525877819
960,2025,Leiria,Marinha Grande,70371913.072,25223,2789.989813741426
961,2025,Leiria,Nazaré,36629917.327,15658,2339.3739511431854
962,2025,Leiria,Pedrógão Grande,7259190.631,3862,1879.6454249093733
963,2025,Leiria,Peniche,57904419.707,23890,2423.7932066555045
964,2025,Leiria,Pombal,98498499.0,37967,2594.3187241551873
965,2025,Leiria,Porto de Mós,42472283.835,14738,2881.821402836206
966,2025,Leiria,Óbidos,37650548.494,10775,3494.2504402784225
967,2025,Lisboa,Alenquer,72106757.696,25385,2840.5262042938743
968,2025,Lisboa,Amadora,230029492.102,100005,2300.1799120243986
969,2025,Lisboa,Arruda dos Vinhos,26762511.44,7948,3367.2007347760446
970,2025,Lisboa,Azambuja,37916681.879,12549,3021.490308311419
971,2025,Lisboa,Cadaval,27978466.45,9935,2816.1516305988926
972,2025,Lisboa,Cascais,448525133.17,129728,3457.4273338832018
973,2025,Lisboa,Lisboa,1452956332.929,401669,3617.2976578451407
974,2025,Lisboa,Loures,321182319.589,111751,2874.0889977628835
975,2025,Lisboa,Lourinhã,56895801.213,19690,2889.5785278313865
976,2025,Lisboa,Mafra,170303518.113,51889,3282.073620863767
977,2025,Lisboa,Odivelas,212130501.925,83421,2542.8909018712316
978,2025,Lisboa,Oeiras,318944400.787,104591,3049.4440323450394
979,2025,Lisboa,Sintra,583007387.8,218309,2670.5604798702752
980,2025,Lisboa,Sobral de Monte Agraço,19745322.228,6091,3241.7209371203417
981,2025,Lisboa,Torres Vedras,156707288.863,52956,2959.1979919744695
982,2025,Lisboa,Vila Franca de Xira,198539821.481,79538,2496.163110475496
983,2025,Portalegre,Alter do Chão,7168882.976,2930,2446.7177392491467
984,2025,Portalegre,Arronches,8353976.313,2342,3567.026606746371
985,2025,Portalegre,Avis,10413746.716,3152,3303.8536535532994
986,2025,Portalegre,Campo Maior,18283475.124,5352,3416.194903587444
987,2025,Portalegre,Castelo de Vide,7313319.391,2974,2459.085202084734
988,2025,Portalegre,Crato,8067285.84,3158,2554.555364154528
989,2025,Portalegre,Elvas,45715261.246,13559,3371.5805919315585
990,2025,Portalegre,Fronteira,7541159.041,2580,2922.9298608527133
991,2025,Portalegre,Gavião,7364021.708,3549,2074.9568069878837
992,2025,Portalegre,Marvão,7571120.456,2832,2673.418240112994
993,2025,Portalegre,Monforte,6628744.16,2229,2973.8645850157022
994,2025,Portalegre,Nisa,13053008.082,6926,1884.6387643661565
995,2025,Portalegre,Ponte de Sor,31830370.693,10961,2903.965942249795
996,2025,Portalegre,Portalegre,43643911.25,15874,2749.3959462013354
997,2025,Portalegre,Sousel,12083271.203,3576,3378.990828579418
998,2025,Porto,Amarante,87750932.532,32419,2706.7748089700485
999,2025,Porto,Baião,27669758.332,12054,2295.483518500083
1000,2025,Porto,Felgueiras,95363793.748,28523,3343.3998439154366
1001,2025,Porto,Gondomar,245690642.202,84406,2910.819636068526
1002,2025,Porto,Lousada,80817154.569,23470,3443.423714060503
1003,2025,Porto,Maia,259446991.974,72406,3583.2250362400905
1004,2025,Porto,Marco de Canaveses,91413227.272,27718,3297.9734205931163
1005,2025,Porto,Matosinhos,333792138.673,99726,3347.092419960692
1006,2025,Porto,Paredes,118690301.226,33937,3497.3716364439993
1007,2025,Porto,Paços de Ferreira,102762876.522,26918,3817.626737573371
1008,2025,Porto,Penafiel,122704476.475,36449,3366.470314000384
1009,2025,Porto,Porto,671452370.916,180437,3721.2565655381104
1010,2025,Porto,Póvoa de Varzim,126750672.932,46074,2751.0238514563525
1011,2025,Porto,Santo Tirso,100313992.512,31074,3228.2291469395636
1012,2025,Porto,Trofa,69350080.976,19390,3576.5900451779266
1013,2025,Porto,Valongo,148233448.34,48949,3028.3243445218495
1014,2025,Porto,Vila Nova de Gaia,530946537.652,167491,3170.0004039142405
1015,2025,Porto,Vila do Conde,158092158.583,48140,3284.0082796634815
1016,2025,Santarém,Abrantes,63239831.525,25330,2496.6376440979075
1017,2025,Santarém,Alcanena,24071776.323,8351,2882.502253981559
1018,2025,Santarém,Almeirim,46684010.237,14192,3289.4595713782414
1019,2025,Santarém,Alpiarça,15877127.146,4582,3465.1084997817547
1020,2025,Santarém,Benavente,60770212.262,17914,3392.330705705035
1021,2025,Santarém,Cartaxo,44992006.112,14903,3018.9898753271154
1022,2025,Santarém,Chamusca,20877551.254,6190,3372.7869554119548
1023,2025,Santarém,Constância,7489986.996,2472,3029.930014563107
1024,2025,Santarém,Coruche,34926105.203999996,11701,2984.882078796684
1025,2025,Santarém,Entroncamento,31802078.234,12847,2475.447827041333
1026,2025,Santarém,Ferreira do Zêzere,17963127.426,8004,2244.2687938530735
1027,2025,Santarém,Golegã,18230272.036,4232,4307.720235349716
1028,2025,Santarém,Mação,13777119.994,6875,2003.9447264
1029,2025,Santarém,Ourém,93226167.995,32841,2838.712828324351
1030,2025,Santarém,Rio Maior,41469944.881,13564,3057.3536479652016
1031,2025,Santarém,Salvaterra de Magos,44329144.895,13154,3370.0125357305765
1032,2025,Santarém,Santarém,123775110.568,38455,3218.7000537771423
1033,2025,Santarém,Sardoal,7106343.495,3051,2329.1850196656833
1034,2025,Santarém,Tomar,69247830.971,27765,2494.0691867819196
1035,2025,Santarém,Torres Novas,65519066.833,22336,2933.3393102166906
1036,2025,Santarém,Vila Nova da Barquinha,12136999.104,4459,2721.9105413769903
1037,2025,Setúbal,Alcochete,41741158.412,11952,3492.399465528782
1038,2025,Setúbal,Alcácer do Sal,30908957.687,8561,3610.4377627613594
1039,2025,Setúbal,Almada,295764201.886,117792,2510.9022844165984
1040,2025,Setúbal,Barreiro,109883773.799,50060,2195.0414262684776
1041,2025,Setúbal,Grândola,51794735.719000004,13135,3943.261189113057
1042,2025,Setúbal,Moita,87571121.899,39845,2197.794501167022
1043,2025,Setúbal,Montijo,108673655.583,33545,3239.637966403339
1044,2025,Setúbal,Palmela,133034256.512,40634,3273.9640820987347
1045,2025,Setúbal,Santiago do Cacém,58772331.913,20816,2823.4210181110684
1046,2025,Setúbal,Seixal,249436638.289,95614,2608.787816522685
1047,2025,Setúbal,Sesimbra,97983183.289,37415,2618.8208817051986
1048,2025,Setúbal,Setúbal,206669728.049,76851,2689.2262696516636
1049,2025,Setúbal,Sines,28237051.491,10073,2803.2414862503724
1050,2025,Viana do Castelo,Arcos de Valdevez,40751169.527,19516,2088.090260657922
1051,2025,Viana do Castelo,Caminha,38556290.92,16573,2326.4521160924396
1052,2025,Viana do Castelo,Melgaço,16208621.86,8099,2001.3115026546486
1053,2025,Viana do Castelo,Monção,37423583.423,15292,2447.265460567617
1054,2025,Viana do Castelo,Paredes de Coura,15157322.576,6676,2270.4197986818454
1055,2025,Viana do Castelo,Ponte da Barca,20452777.155,9466,2160.656787978027
1056,2025,Viana do Castelo,Ponte de Lima,76862608.237,26795,2868.5429459600673
1057,2025,Viana do Castelo,Valença,29258782.802,10360,2824.206834169884
1058,2025,Viana do Castelo,Viana do Castelo,162363673.467,58192,2790.1373636754192
1059,2025,Viana do Castelo,Vila Nova de Cerveira,20175986.25,6916,2917.291244939271
1060,2025,Vila Real,Alijó,18965891.945,9146,2073.681603433195
1061,2025,Vila Real,Boticas,9632159.728,4891,1969.3640826006952
1062,2025,Vila Real,Chaves,70845805.319,31226,2268.8082149170564
1063,2025,Vila Real,Mesão Frio,6004474.612,2422,2479.1389810074315
1064,2025,Vila Real,Mondim de Basto,10863320.06,5319,2042.3613573980072
1065,2025,Vila Real,Montalegre,17146680.711,10542,1626.5111659077972
1066,2025,Vila Real,Murça,9577802.765,4485,2135.519011148272
1067,2025,Vila Real,Peso da Régua,24831402.415,10331,2403.581687639144
1068,2025,Vila Real,Ribeira de Pena,11150323.624,5090,2190.633324950884
1069,2025,Vila Real,Sabrosa,10502850.405,4994,2103.0937935522625
1070,2025,Vila Real,Santa Marta de Penaguião,8987270.166,4551,1974.7901924851678
1071,2025,Vila Real,Valpaços,27554607.009,13962,1973.5429744305973
1072,2025,Vila Real,Vila Pouca de Aguiar,22969844.73,10714,2143.9093457158856
1073,2025,Vila Real,Vila Real,97818641.126,35430,2760.898705221564
1074,2025,Viseu,Armamar,13440616.922,5199,2585.231183304482
1075,2025,Viseu,Carregal do Sal,15770015.759,7459,2114.2265396165703
1076,2025,Viseu,Castro daire,25170518.033,12783,1969.0618816396777
1077,2025,Viseu,Cinfães,26894058.768,12401,2168.7008118700105
1078,2025,Viseu,Lamego,41253716.843,18286,2256.027389423603
1079,2025,Viseu,Mangualde,32850213.522,13603,2414.9241727560097
1080,2025,Viseu,Moimenta da Beira,19618400.187,8602,2280.678933620088
1081,2025,Viseu,Mortágua,15295115.73,6778,2256.5824328710537
1082,2025,Viseu,Nelas,22047497.935,9677,2278.340181357859
1083,2025,Viseu,Oliveira de Frades,17042530.013,6858,2485.0583279381744
1084,2025,Viseu,Penalva do Castelo,12106077.516,6053,2000.012806211796
1085,2025,Viseu,Penedono,5433142.446,2844,1910.3876392405066
1086,2025,Viseu,Resende,14965469.98,7766,1927.0499587947463
1087,2025,Viseu,Santa Comba Dão,17467202.562,8030,2175.2431584059773
1088,2025,Viseu,Sernancelhe,10456343.692,4770,2192.105595807128
1089,2025,Viseu,Sátão,18817712.564,9611,1957.9349249817917
1090,2025,Viseu,São João da Pesqueira,12849718.647,5836,2201.802372686772
1091,2025,Viseu,São Pedro do Sul,25676377.08,12452,2062.0283552842916
1092,2025,Viseu,Tabuaço,8244922.009,4390,1878.1143528473804
1093,2025,Viseu,Tarouca,13042812.68,6690,1949.598307922272
1094,2025,Viseu,Tondela,44057905.059,19560,2252.4491338957055
1095,2025,Viseu,Vila Nova de Paiva,9826215.462,4766,2061.7321573646664
1096,2025,Viseu,Viseu,196179231.156,67895,2889.4503447381985
1097,2025,Viseu,Vouzela,17447211.454,7415,2352.9617604855025
1098,2025,Évora,Alandroal,12727901.505,4172,3050.791348274209
1099,2025,Évora,Arraiolos,16555697.321,4898,3380.0933689260924
1100,2025,Évora,Borba,13101884.659,4263,3073.395416138869
1101,2025,Évora,Estremoz,29944910.582,9431,3175.157521153642
1102,2025,Évora,Montemor-o-Novo,39727411.641,10917,3639.041095630668
1103,2025,Évora,Mora,10184245.344,3642,2796.3331532125208
1104,2025,Évora,Mourão,5896188.0030000005,1996,2954.002005511022
1105,2025,Évora,Portel,12361069.468,4213,2934.030255874674
1106,2025,Évora,Redondo,13589422.402,4505,3016.519956048835
1107,2025,Évora,Reguengos de Monsaraz,23035268.792,7335,3140.4592763462847
1108,2025,Évora,Vendas Novas,21846462.783,7092,3080.4375046531304
1109,2025,Évora,Viana do Alentejo,12217769.876,3801,3214.3567156011577
1110,2025,Évora,Vila Viçosa,14760699.39,4994,2955.686702042451
1111,2025,Évora,Évora,124392589.47399999,33340,3731.031477924415
